Gamma,AUC
2.1,0.6187649586776858
2.2,0.6185223140495868
2.3,0.6109549311294766
2.4,0.6182036363636364
2.5,0.6164050688705234
2.6,0.6154020936639117
2.7,0.6146098071625344
2.8,0.6141044628099175
2.9,0.614924738292011
3.0,0.6200751515151517
