Feature,Epochs,Sampling_Rate,AUC
LAWPOINTS,400,1,0.462666636
LAWPOINTS,400,2,0.487918873
LAWPOINTS,600,1,0.474582268
LAWPOINTS,600,2,0.546087473
LAWPOINTS,800,1,0.480848247
LAWPOINTS,800,2,0.592711377
